id,ticker,adjusted,Volume,Wap_volume,Open_price,Close_price,High_price,Low_price,Timestamp,Transactions
1,SPY,True,51148801.0,417.7436,417.81,417.4,419.01,416.9,2021-04-28 04:00:00,332653
2,SPY,True,78779400.0,418.8354,420.32,420.06,420.72,416.44,2021-04-29 04:00:00,452193
3,SPY,True,85741191.0,417.6486,417.63,417.3,418.54,416.34,2021-04-30 04:00:00,483015
4,SPY,True,68340826.0,418.2948,419.43,418.2,419.84,417.665,2021-05-03 04:00:00,382841
5,SPY,True,101780093.0,414.475,416.07,415.62,416.6,411.67,2021-05-04 04:00:00,638481
6,SPY,True,60257756.0,416.2568,417.38,415.75,417.63,414.94,2021-05-05 04:00:00,396017
7,SPY,True,74442960.0,416.6705,415.83,419.07,419.21,413.675,2021-05-06 04:00:00,500692
8,SPY,True,67904191.0,421.614,419.89,422.12,422.815,419.16,2021-05-07 04:00:00,431793
9,SPY,True,82023882.0,420.4215,422.5,417.94,422.74,417.81,2021-05-10 04:00:00,498569
10,SPY,True,117104187.0,413.6393,413.1,414.21,415.27,410.06,2021-05-11 04:00:00,802647
11,SPY,True,134557560.0,408.3354,411.23,405.41,412.59,404.0,2021-05-12 04:00:00,844321
12,SPY,True,106574824.0,410.0025,407.07,410.28,412.35,407.02,2021-05-13 04:00:00,722767
13,SPY,True,82431395.0,415.2963,413.21,416.58,417.49,413.18,2021-05-14 04:00:00,451304
14,SPY,True,65231637.0,415.0019,415.39,415.52,416.39,413.36,2021-05-17 04:00:00,446555
15,SPY,True,59988588.0,414.3152,415.8,411.94,416.06,411.77,2021-05-18 04:00:00,410366
16,SPY,True,106399284.0,408.5827,406.92,410.86,411.05,405.33,2021-05-19 04:00:00,740853
17,SPY,True,78120117.0,414.3526,411.8,415.28,416.625,411.67,2021-05-20 04:00:00,483768
18,SPY,True,76761231.0,415.943,416.87,414.94,418.2,414.45,2021-05-21 04:00:00,471827
19,SPY,True,51609310.0,418.8735,417.34,419.17,420.32,417.08,2021-05-24 04:00:00,329683
20,SPY,True,57639401.0,418.8644,420.33,418.24,420.71,417.62,2021-05-25 04:00:00,382277
21,SPY,True,43267919.0,418.8257,418.87,419.07,419.61,417.76,2021-05-26 04:00:00,308691
22,SPY,True,56780925.0,419.7647,420.17,419.29,420.72,419.12,2021-05-27 04:00:00,398523
23,SPY,True,58178233.0,420.3828,420.97,420.04,421.25,419.79,2021-05-28 04:00:00,340040
24,SPY,True,54055887.0,420.2467,422.57,419.67,422.72,419.2,2021-06-01 04:00:00,379475
25,SPY,True,49195766.0,420.1838,420.37,420.33,421.23,419.29,2021-06-02 04:00:00,309854
26,SPY,True,58329399.0,418.7593,417.85,418.77,419.99,416.28,2021-06-03 04:00:00,407471
27,SPY,True,55807692.0,421.672,420.75,422.6,422.92,420.68,2021-06-04 04:00:00,323607
28,SPY,True,51704728.0,421.9857,422.59,422.19,422.78,421.19,2021-06-07 04:00:00,321546
29,SPY,True,46964278.0,422.1817,423.11,422.28,423.21,420.32,2021-06-08 04:00:00,322191
30,SPY,True,48444999.0,422.3273,423.18,421.65,423.26,421.41,2021-06-09 04:00:00,286360
31,SPY,True,51049901.0,423.3297,422.96,423.61,424.63,421.55,2021-06-10 04:00:00,338424
32,SPY,True,43234019.0,423.7817,424.2,424.31,424.43,422.82,2021-06-11 04:00:00,258214
33,SPY,True,42210255.0,424.0982,424.43,425.26,425.37,423.1,2021-06-14 04:00:00,279892
34,SPY,True,51671109.0,424.5186,425.42,424.48,425.46,423.54,2021-06-15 04:00:00,301990
35,SPY,True,79931518.0,422.489,424.63,422.11,424.87,419.92,2021-06-16 04:00:00,649279
36,SPY,True,91117086.0,421.8919,421.67,421.97,423.02,419.32,2021-06-17 04:00:00,571245
37,SPY,True,118528545.0,416.803,417.09,414.92,417.8281,414.7,2021-06-18 04:00:00,718016
38,SPY,True,72920873.0,419.2599,416.8,420.86,421.06,415.93,2021-06-21 04:00:00,453658
39,SPY,True,56977011.0,422.2165,420.85,423.11,424.0,420.08,2021-06-22 04:00:00,351117
40,SPY,True,49240348.0,423.175,423.19,422.6,424.05,422.51,2021-06-23 04:00:00,291116
41,SPY,True,45246597.0,424.8872,424.89,425.1,425.55,424.62,2021-06-24 04:00:00,292709
42,SPY,True,58240132.0,426.2099,425.9,426.61,427.0943,425.55,2021-06-25 04:00:00,330093
43,SPY,True,53354729.0,426.8197,427.17,427.47,427.65,425.89,2021-06-28 04:00:00,296632
44,SPY,True,35873804.0,427.8444,427.88,427.7,428.56,427.13,2021-06-29 04:00:00,249144
45,SPY,True,64517207.0,428.0337,427.21,428.06,428.78,427.18,2021-06-30 04:00:00,316131
46,SPY,True,53657782.0,429.7116,428.87,430.43,430.6,428.8,2021-07-01 04:00:00,316827
47,SPY,True,57852713.0,432.8409,431.67,433.72,434.1,431.33,2021-07-02 04:00:00,313148
48,SPY,True,68729063.0,432.1618,433.78,432.93,434.01,430.01,2021-07-06 04:00:00,399106
49,SPY,True,63714583.0,433.7315,433.66,434.46,434.76,431.51,2021-07-07 04:00:00,390379
50,SPY,True,97804861.0,430.1577,428.78,430.92,431.73,427.52,2021-07-08 04:00:00,648986
51,SPY,True,76378977.0,434.4412,432.53,435.52,435.84,432.31,2021-07-09 04:00:00,394502
52,SPY,True,52449266.0,436.5282,435.43,437.08,437.35,434.97,2021-07-12 04:00:00,345868
53,SPY,True,52790461.0,436.3838,436.24,435.59,437.84,435.31,2021-07-13 04:00:00,365362
54,SPY,True,64286151.0,436.3153,437.4,436.24,437.92,434.91,2021-07-14 04:00:00,357507
55,SPY,True,55212984.0,434.4532,434.81,434.75,435.53,432.72,2021-07-15 04:00:00,421957
56,SPY,True,72752672.0,433.2107,436.01,431.34,436.06,430.92,2021-07-16 04:00:00,457243
57,SPY,True,147932133.0,424.4345,426.19,424.97,431.4089,421.97,2021-07-19 04:00:00,1020165
58,SPY,True,99784841.0,429.6423,425.68,431.06,432.42,424.83,2021-07-20 04:00:00,591627
59,SPY,True,64904513.0,433.4252,432.34,434.55,434.7,431.0111,2021-07-21 04:00:00,346365
60,SPY,True,47963026.0,434.8862,434.74,435.46,435.72,433.69,2021-07-22 04:00:00,315207
61,SPY,True,63950573.0,438.521,437.52,439.94,440.3,436.79,2021-07-23 04:00:00,376771
62,SPY,True,43875088.0,440.195,439.31,441.02,441.03,439.26,2021-07-26 04:00:00,283529
63,SPY,True,67539148.0,438.2311,439.91,439.01,439.94,435.99,2021-07-27 04:00:00,492000
64,SPY,True,50894998.0,438.9868,439.68,438.83,440.3,437.31,2021-07-28 04:00:00,391860
65,SPY,True,47397842.0,440.8157,439.815,440.65,441.8,439.81,2021-07-29 04:00:00,303009
66,SPY,True,68951202.0,438.8069,437.91,438.51,440.06,437.77,2021-07-30 04:00:00,427130
67,SPY,True,58399297.0,438.9469,440.34,437.59,440.93,437.21,2021-08-02 04:00:00,409572
68,SPY,True,57738850.0,439.1748,438.44,441.15,441.28,436.1,2021-08-03 04:00:00,412417
69,SPY,True,46706212.0,439.705,439.78,438.98,441.1243,438.73,2021-08-04 04:00:00,337471
70,SPY,True,38964559.0,440.6863,440.22,441.76,441.85,439.88,2021-08-05 04:00:00,259461
71,SPY,True,45812008.0,442.3052,442.1,442.49,442.94,441.8,2021-08-06 04:00:00,283934
72,SPY,True,41222585.0,442.2061,442.46,442.13,442.795,441.31,2021-08-09 04:00:00,242109
73,SPY,True,42975851.0,442.5943,442.61,442.68,443.44,441.88,2021-08-10 04:00:00,266361
74,SPY,True,43749190.0,443.3916,443.82,443.78,443.882,442.62,2021-08-11 04:00:00,274051
75,SPY,True,38942418.0,444.1853,443.62,445.11,445.2572,442.66,2021-08-12 04:00:00,261155
76,SPY,True,39441451.0,445.5441,445.59,445.92,445.94,445.07,2021-08-13 04:00:00,234209
77,SPY,True,73930864.0,445.2783,444.53,446.97,447.11,442.87,2021-08-16 04:00:00,407360
78,SPY,True,92651433.0,443.5632,444.24,444.04,444.96,440.85,2021-08-17 04:00:00,594093
79,SPY,True,89351931.0,441.7939,442.96,439.18,444.625,438.92,2021-08-18 04:00:00,510458
80,SPY,True,92689386.0,439.099,436.27,439.86,441.14,436.12,2021-08-19 04:00:00,682355
81,SPY,True,71819112.0,442.2624,440.23,443.36,443.71,439.71,2021-08-20 04:00:00,410210
82,SPY,True,54968538.0,446.7581,445.16,447.26,448.23,443.4355,2021-08-23 04:00:00,322046
83,SPY,True,38721714.0,447.9647,447.97,447.97,448.54,447.42,2021-08-24 04:00:00,251170
84,SPY,True,40529711.0,448.7852,448.17,448.91,449.457,447.77,2021-08-25 04:00:00,251660
85,SPY,True,57710772.0,447.238,448.61,446.26,448.86,446.16,2021-08-26 04:00:00,441246
86,SPY,True,77056613.0,449.4451,447.12,450.25,450.65,447.06,2021-08-27 04:00:00,395689
87,SPY,True,48357355.0,452.0586,450.97,452.23,453.07,450.71,2021-08-30 04:00:00,297857
88,SPY,True,58987985.0,451.7938,452.13,451.56,452.49,450.92,2021-08-31 04:00:00,336320
89,SPY,True,48580378.0,452.2969,452.56,451.8,453.11,451.545,2021-09-01 04:00:00,334755
90,SPY,True,40912367.0,452.9232,453.32,453.19,454.05,451.91,2021-09-02 04:00:00,290617
91,SPY,True,47231364.0,452.9032,451.98,453.08,453.63,451.55,2021-09-03 04:00:00,309749
92,SPY,True,51921318.0,451.8342,452.71,451.46,452.81,450.7423,2021-09-07 04:00:00,352112
93,SPY,True,56147907.0,450.5382,450.89,450.91,451.67,448.86,2021-09-08 04:00:00,414394
94,SPY,True,57935207.0,450.2357,450.7,448.98,452.57,448.72,2021-09-09 04:00:00,411806
95,SPY,True,89465874.0,447.6791,451.04,445.44,451.49,445.31,2021-09-10 04:00:00,528437
96,SPY,True,83969944.0,446.0005,448.64,446.58,448.92,444.11,2021-09-13 04:00:00,595851
97,SPY,True,79344873.0,444.9748,448.12,444.17,448.34,443.22,2021-09-14 04:00:00,513360
98,SPY,True,78937824.0,446.2478,444.62,447.88,448.41,443.44,2021-09-15 04:00:00,478421
99,SPY,True,77209185.0,446.5427,447.32,447.17,448.36,444.02,2021-09-16 04:00:00,494053
100,SPY,True,118047787.0,442.6771,444.92,441.4,445.37,441.02,2021-09-17 04:00:00,719238
101,SPY,True,165478034.0,433.6052,434.88,434.04,436.56,428.86,2021-09-20 04:00:00,1162776
102,SPY,True,92357112.0,435.1409,436.53,433.63,437.91,433.07,2021-09-21 04:00:00,688757
103,SPY,True,101480143.0,437.8969,436.05,437.86,440.03,433.747,2021-09-22 04:00:00,775245
104,SPY,True,76365981.0,442.9113,439.85,443.18,444.89,439.6,2021-09-23 04:00:00,560385
105,SPY,True,61994837.0,443.3184,441.44,443.91,444.67,441.21,2021-09-24 04:00:00,407156
106,SPY,True,60867583.0,443.0258,442.81,442.64,444.05,441.9,2021-09-27 04:00:00,426386
107,SPY,True,130350306.0,435.6609,439.69,433.72,440.04,432.94,2021-09-28 04:00:00,948210
108,SPY,True,82058963.0,435.3033,435.19,434.45,437.04,433.85,2021-09-29 04:00:00,598061
109,SPY,True,140598198.0,432.0754,436.02,429.14,436.77,428.78,2021-09-30 04:00:00,928225
110,SPY,True,129107301.0,431.7327,430.98,434.24,436.0329,427.23,2021-10-01 04:00:00,852551
111,SPY,True,128346956.0,429.0805,433.0,428.64,433.96,426.36,2021-10-04 04:00:00,940502
112,SPY,True,90682519.0,433.1342,430.24,433.1,435.49,429.39,2021-10-05 04:00:00,595529
113,SPY,True,112977345.0,431.7015,429.27,434.9,435.1199,427.54,2021-10-06 04:00:00,828088
114,SPY,True,72335949.0,439.676,438.39,438.66,441.68,438.2,2021-10-07 04:00:00,524649
115,SPY,True,74665304.0,438.3975,439.48,437.86,439.89,437.19,2021-10-08 04:00:00,488344
116,SPY,True,65233283.0,437.1387,437.16,434.69,440.26,434.62,2021-10-11 04:00:00,435654
117,SPY,True,71170063.0,434.3746,435.67,433.62,436.1,432.78,2021-10-12 04:00:00,492212
118,SPY,True,72761979.0,434.0766,434.71,435.18,436.05,431.54,2021-10-13 04:00:00,513022
119,SPY,True,67509325.0,441.0021,439.08,442.5,442.66,438.58,2021-10-14 04:00:00,451179
120,SPY,True,66145960.0,445.1634,444.75,445.87,446.26,444.09,2021-10-15 04:00:00,417630
121,SPY,True,62213228.0,446.2843,443.97,447.19,447.55,443.27,2021-10-18 04:00:00,390540
122,SPY,True,46957827.0,449.8321,448.92,450.64,450.71,448.27,2021-10-19 04:00:00,376977
123,SPY,True,49571569.0,451.912,451.13,452.41,452.732,451.01,2021-10-20 04:00:00,371072
124,SPY,True,41055438.0,452.4889,451.77,453.59,453.829,451.31,2021-10-21 04:00:00,315667
125,SPY,True,58745088.0,453.0362,453.13,453.12,454.67,451.05,2021-10-22 04:00:00,494968
126,SPY,True,45173607.0,454.6282,454.28,455.55,455.9,452.39,2021-10-25 04:00:00,346367
127,SPY,True,55858916.0,456.8677,457.2,455.96,458.49,455.56,2021-10-26 04:00:00,459682
128,SPY,True,72215997.0,455.217,456.45,453.94,457.16,453.86,2021-10-27 04:00:00,442869
129,SPY,True,51412959.0,456.8443,455.46,458.32,458.4,455.45,2021-10-28 04:00:00,361417
130,SPY,True,70147024.0,458.3068,455.87,459.25,459.56,455.56,2021-10-29 04:00:00,436007
131,SPY,True,48433642.0,459.4617,460.3,460.04,460.7021,458.2,2021-11-01 04:00:00,408110
132,SPY,True,48504417.0,461.3643,460.22,461.9,462.23,460.08,2021-11-02 04:00:00,342315
133,SPY,True,52507426.0,463.0092,461.3,464.72,465.15,460.83,2021-11-03 04:00:00,427380
134,SPY,True,52842687.0,465.9631,465.36,466.91,467.0,464.99,2021-11-04 04:00:00,386856
135,SPY,True,66100363.0,468.8804,469.28,468.53,470.65,466.92,2021-11-05 04:00:00,494032
136,SPY,True,50192592.0,468.9905,469.7,468.93,470.23,468.2031,2021-11-08 05:00:00,354640
137,SPY,True,51132147.0,467.3029,469.32,467.38,469.57,465.88,2021-11-09 05:00:00,461988
138,SPY,True,69429644.0,464.8782,465.58,463.62,467.38,462.04,2021-11-10 05:00:00,556473
139,SPY,True,34848494.0,464.3668,465.21,463.77,465.29,463.75,2021-11-11 05:00:00,282338
140,SPY,True,53466654.0,466.3091,465.12,467.27,467.86,464.11,2021-11-12 05:00:00,344554
141,SPY,True,46967500.0,467.3737,468.64,467.43,468.81,466.23,2021-11-15 05:00:00,372696
142,SPY,True,48857502.0,469.0457,467.15,469.28,470.485,467.07,2021-11-16 05:00:00,328010
143,SPY,True,47158289.0,468.37,469.0,468.14,469.19,467.48,2021-11-17 05:00:00,327913
144,SPY,True,50625607.0,468.7785,469.24,469.73,470.01,466.34,2021-11-18 05:00:00,368768
145,SPY,True,54378573.0,469.4411,469.61,468.89,470.94,468.5,2021-11-19 05:00:00,355189
146,SPY,True,72491954.0,470.435,470.89,467.57,473.54,467.35,2021-11-22 05:00:00,542126
147,SPY,True,73206538.0,466.9913,467.22,468.19,469.095,464.45,2021-11-23 05:00:00,563874
148,SPY,True,61508813.0,468.0542,466.06,469.44,469.57,465.19,2021-11-24 05:00:00,436744
149,SPY,True,112669635.0,461.2786,462.34,458.97,463.9,457.77,2021-11-26 05:00:00,785687
150,SPY,True,86240818.0,464.0689,464.07,464.6,466.56,461.73,2021-11-29 05:00:00,571696
151,SPY,True,148559598.0,458.8431,462.0,455.56,464.03,455.3,2021-11-30 05:00:00,1145807
152,SPY,True,132414435.0,457.4152,461.64,450.5,464.67,450.29,2021-12-01 05:00:00,1039069
153,SPY,True,127637758.0,455.7043,450.73,457.4,459.07,450.31,2021-12-02 05:00:00,1022777
154,SPY,True,137331647.0,453.0439,459.17,453.42,460.3,448.92,2021-12-03 05:00:00,1234209
155,SPY,True,97477532.0,457.5764,456.13,458.79,460.79,453.56,2021-12-06 05:00:00,765876
156,SPY,True,95467688.0,466.813,464.41,468.28,468.88,458.6546,2021-12-07 05:00:00,640751
157,SPY,True,71609277.0,468.5873,468.7,469.52,470.0,466.83,2021-12-08 05:00:00,507901
158,SPY,True,61272568.0,467.9605,468.15,466.35,469.6291,466.14,2021-12-09 05:00:00,489126
159,SPY,True,77128507.0,468.9296,469.23,470.74,470.9,466.51,2021-12-10 05:00:00,513526
160,SPY,True,87724680.0,468.0599,470.19,466.57,470.56,466.27,2021-12-13 05:00:00,615392
161,SPY,True,97159128.0,463.1988,463.09,463.36,465.74,460.25,2021-12-14 05:00:00,627255
162,SPY,True,116899251.0,465.8393,463.42,470.6,470.86,460.74,2021-12-15 05:00:00,882924
163,SPY,True,116494626.0,468.7097,472.57,466.45,472.87,464.8,2021-12-16 05:00:00,820646
164,SPY,True,135583150.0,461.5026,461.55,459.87,464.74,458.06,2021-12-17 05:00:00,889475
165,SPY,True,106788817.0,454.1844,454.48,454.98,455.4,451.14,2021-12-20 05:00:00,807669
166,SPY,True,69806260.0,460.2953,458.61,463.06,463.21,456.31,2021-12-21 05:00:00,619585
167,SPY,True,58790223.0,465.801,462.79,467.69,467.81,462.58,2021-12-22 05:00:00,454693
168,SPY,True,56139745.0,470.6108,468.75,470.6,472.19,468.64,2021-12-23 05:00:00,381386
169,SPY,True,56808619.0,475.279,472.06,477.26,477.31,472.01,2021-12-27 05:00:00,380197
170,SPY,True,46974585.0,477.2276,477.72,476.87,478.81,476.06,2021-12-28 05:00:00,372331
171,SPY,True,54091464.0,477.2659,476.98,477.48,478.56,475.92,2021-12-29 05:00:00,345712
172,SPY,True,55329041.0,477.4587,477.93,476.16,479.0,475.67,2021-12-30 05:00:00,353567
173,SPY,True,64917431.0,475.6196,475.64,474.96,476.86,474.67,2021-12-31 05:00:00,435448
174,SPY,True,72668233.0,476.527,476.3,477.71,477.85,473.85,2022-01-03 05:00:00,535421
175,SPY,True,71070678.0,477.8703,479.22,477.55,479.98,475.58,2022-01-04 05:00:00,565655
176,SPY,True,104494940.0,473.2328,477.16,468.38,477.98,468.2801,2022-01-05 05:00:00,788712
177,SPY,True,86498500.0,468.4813,467.89,467.94,470.82,465.43,2022-01-06 05:00:00,806488
178,SPY,True,85111593.0,466.939,467.95,466.09,469.2,464.65,2022-01-07 05:00:00,625067
179,SPY,True,119361988.0,461.5904,462.7,465.51,465.74,456.5973,2022-01-10 05:00:00,963294
180,SPY,True,74189562.0,466.4853,465.23,469.75,469.85,462.05,2022-01-11 05:00:00,626792
181,SPY,True,67602444.0,470.9955,471.59,471.02,473.2,468.94,2022-01-12 05:00:00,632057
182,SPY,True,91137601.0,467.9368,472.19,464.53,472.88,463.44,2022-01-13 05:00:00,724347
183,SPY,True,95890948.0,462.9488,461.19,464.72,465.09,459.9,2022-01-14 05:00:00,855904
184,SPY,True,109851226.0,457.9682,459.74,456.49,459.96,455.31,2022-01-18 05:00:00,911795
185,SPY,True,108347069.0,455.5262,458.13,451.75,459.6124,451.46,2022-01-19 05:00:00,880787
186,SPY,True,122001796.0,452.3944,453.75,446.75,458.74,444.5,2022-01-20 05:00:00,986090
187,SPY,True,202025141.0,442.5437,445.56,437.98,448.06,437.95,2022-01-21 05:00:00,1885192
188,SPY,True,252248938.0,430.7247,432.03,439.84,440.38,420.76,2022-01-24 05:00:00,3263011
189,SPY,True,167685150.0,433.6947,433.06,434.47,439.72,427.15,2022-01-25 05:00:00,1832295
190,SPY,True,186240418.0,437.1371,440.72,433.38,444.04,428.86,2022-01-26 05:00:00,2620794
191,SPY,True,149846107.0,434.5969,438.26,431.24,441.59,429.45,2022-01-27 05:00:00,1837412
192,SPY,True,164188170.0,435.3435,432.68,441.95,442.0,427.82,2022-01-28 05:00:00,1759648
193,SPY,True,152106025.0,445.9021,441.24,449.91,450.28,439.81,2022-01-31 05:00:00,1132217
194,SPY,True,123155381.0,450.7136,450.68,452.95,453.63,446.9384,2022-02-01 05:00:00,1094848
195,SPY,True,116776953.0,455.6624,455.5,457.35,458.12,453.05,2022-02-02 05:00:00,998599
196,SPY,True,118024442.0,449.827,450.95,446.6,452.97,445.71,2022-02-03 05:00:00,1106476
197,SPY,True,118436652.0,448.3226,446.35,448.7,452.78,443.83,2022-02-04 05:00:00,1162845
198,SPY,True,84472859.0,448.6198,449.51,447.26,450.99,445.85,2022-02-07 05:00:00,759934
199,SPY,True,80981286.0,449.0816,446.73,450.94,451.92,445.22,2022-02-08 05:00:00,685659
200,SPY,True,92495929.0,455.9303,455.22,457.54,457.88,455.005,2022-02-09 05:00:00,670714
201,SPY,True,140103712.0,452.9121,451.34,449.32,457.71,447.2,2022-02-10 05:00:00,1217132
202,SPY,True,153214597.0,444.1699,449.41,440.46,451.605,438.94,2022-02-11 05:00:00,1467422
203,SPY,True,122934262.0,438.9049,439.92,439.02,441.6,435.34,2022-02-14 05:00:00,1148020
204,SPY,True,88641503.0,444.6794,443.73,446.1,446.28,443.18,2022-02-15 05:00:00,751040
205,SPY,True,84815085.0,444.9697,443.93,446.6,448.055,441.94,2022-02-16 05:00:00,784456
206,SPY,True,102259108.0,439.9789,443.22,437.06,446.5652,436.42,2022-02-17 05:00:00,850969
207,SPY,True,132502896.0,435.2278,437.33,434.23,438.66,431.82,2022-02-18 05:00:00,1137286
208,SPY,True,124379870.0,430.707,431.89,429.57,435.5,425.86,2022-02-22 05:00:00,1213511
209,SPY,True,132374005.0,425.9146,432.66,421.95,433.26,421.35,2022-02-23 05:00:00,1166037
210,SPY,True,213923446.0,419.7499,411.02,428.3,428.76,410.64,2022-02-24 05:00:00,2316981
211,SPY,True,121785659.0,434.3466,429.61,437.75,437.84,427.86,2022-02-25 05:00:00,1141900
212,SPY,True,145594529.0,434.5719,432.03,436.63,438.2,430.7,2022-02-28 05:00:00,1305973
213,SPY,True,137720158.0,431.6669,435.04,429.98,437.17,427.11,2022-03-01 05:00:00,1422063
214,SPY,True,117711825.0,436.2299,432.37,437.89,439.72,431.57,2022-03-02 05:00:00,1252755
215,SPY,True,105501715.0,436.9085,440.47,435.71,441.11,433.8,2022-03-03 05:00:00,1039161
216,SPY,True,114083256.0,430.9209,431.75,432.17,433.37,427.88,2022-03-04 05:00:00,1085108
217,SPY,True,137811760.0,423.9601,431.55,419.43,432.3018,419.36,2022-03-07 05:00:00,1448619
218,SPY,True,164739744.0,419.763,419.62,416.25,427.21,415.12,2022-03-08 05:00:00,1950899
219,SPY,True,116832265.0,426.181,425.14,427.41,429.51,422.82,2022-03-09 05:00:00,1133569
220,SPY,True,93972655.0,423.8766,422.52,425.48,426.43,420.44,2022-03-10 05:00:00,917457
221,SPY,True,95360277.0,423.9476,428.12,420.07,428.77,419.53,2022-03-11 05:00:00,837760
222,SPY,True,95729188.0,419.1776,420.89,417.0,424.55,415.79,2022-03-14 04:00:00,897065
223,SPY,True,106134117.0,422.761,419.77,426.17,426.84,418.42,2022-03-15 04:00:00,949202
224,SPY,True,144704805.0,431.3891,429.89,435.62,435.68,424.8,2022-03-16 04:00:00,1405236
225,SPY,True,102651870.0,437.6986,433.59,441.07,441.07,433.19,2022-03-17 04:00:00,812423
226,SPY,True,106332044.0,441.5188,438.0,444.52,444.86,437.22,2022-03-18 04:00:00,814468
227,SPY,True,88249756.0,443.8006,444.34,444.39,446.46,440.68,2022-03-21 04:00:00,937033
228,SPY,True,74280394.0,448.5657,445.86,449.59,450.58,445.86,2022-03-22 04:00:00,637073
229,SPY,True,79367033.0,446.0537,446.91,443.8,448.49,443.71,2022-03-23 04:00:00,641633
230,SPY,True,64736892.0,447.7172,445.94,450.49,450.5,444.76,2022-03-24 04:00:00,538727
231,SPY,True,76738724.0,451.0456,451.16,452.69,452.98,448.43,2022-03-25 04:00:00,662816
232,SPY,True,68289867.0,453.2845,452.06,455.91,455.91,450.06,2022-03-28 04:00:00,624220
233,SPY,True,86556542.0,459.637,460.02,461.55,462.07,457.18,2022-03-29 04:00:00,738517
234,SPY,True,79155242.0,459.1689,460.34,458.7,461.195,456.465,2022-03-30 04:00:00,659195
235,SPY,True,121083948.0,455.3757,457.89,451.64,458.76,451.16,2022-03-31 04:00:00,755684
236,SPY,True,88973773.0,451.8507,453.31,452.92,453.46,449.14,2022-04-01 04:00:00,627039
237,SPY,True,59504500.0,455.311,453.13,456.8,456.91,452.26,2022-04-04 04:00:00,504721
238,SPY,True,74213133.0,453.4101,455.22,451.03,457.83,449.82,2022-04-05 04:00:00,646030
239,SPY,True,106844970.0,446.3477,446.89,446.52,448.93,443.47,2022-04-06 04:00:00,903937
240,SPY,True,78097214.0,447.1117,445.59,448.77,450.69,443.53,2022-04-07 04:00:00,632862
241,SPY,True,79205711.0,448.2497,447.97,447.57,450.63,445.94,2022-04-08 04:00:00,574887
242,SPY,True,89770538.0,442.2088,444.11,439.92,445.0,439.39,2022-04-11 04:00:00,781085
243,SPY,True,84363635.0,440.8142,443.08,438.29,445.75,436.6501,2022-04-12 04:00:00,696834
244,SPY,True,73950154.0,441.2623,438.03,443.31,444.11,437.84,2022-04-13 04:00:00,567443
245,SPY,True,97869451.0,440.2705,443.55,437.79,444.7301,437.68,2022-04-14 04:00:00,705563
246,SPY,True,64950498.0,437.8417,436.81,437.97,439.75,435.61,2022-04-18 04:00:00,575881
247,SPY,True,77784013.0,443.0733,437.86,445.04,445.8,437.68,2022-04-19 04:00:00,599070
248,SPY,True,65210049.0,445.6116,446.92,444.71,447.57,443.48,2022-04-20 04:00:00,595910
249,SPY,True,85417327.0,442.7637,448.54,438.06,450.01,437.1,2022-04-21 04:00:00,722878
250,SPY,True,132371772.0,429.8197,436.91,426.04,438.0825,425.44,2022-04-22 04:00:00,974880
251,SPY,True,119636648.0,423.9628,423.67,428.51,428.69,418.84,2022-04-25 04:00:00,1146068
252,SPY,True,103996312.0,420.0383,425.83,416.1,426.04,416.07,2022-04-26 04:00:00,1007658
253,SPY,True,121980990.0,418.8355,417.24,417.27,422.92,415.01,2022-04-27 04:00:00,1010488
254,SPY,True,105375338.0,424.0568,422.29,427.81,429.64,417.6,2022-04-28 04:00:00,807518
255,SPY,True,145311088.0,416.8611,423.59,412.0,425.87,411.21,2022-04-29 04:00:00,1148898
256,SPY,True,158312526.0,411.153,412.07,414.48,415.92,405.02,2022-05-02 04:00:00,1466164
257,SPY,True,100013490.0,416.1059,415.01,416.38,418.93,413.36,2022-05-03 04:00:00,854781
258,SPY,True,144247895.0,421.2666,417.08,429.06,429.66,413.7099,2022-05-04 04:00:00,1465732
259,SPY,True,172929106.0,415.4351,424.55,413.81,425.0,409.44,2022-05-05 04:00:00,1586336
260,SPY,True,151746311.0,410.5178,411.1,411.34,414.8,405.73,2022-05-06 04:00:00,1531002
261,SPY,True,155571067.0,401.9209,405.1,398.17,406.41,396.5,2022-05-09 04:00:00,1422451
262,SPY,True,132497200.0,399.8401,404.49,399.09,406.08,394.82,2022-05-10 04:00:00,1467481
263,SPY,True,142360992.0,397.438,398.07,392.75,404.04,391.96,2022-05-11 04:00:00,1530065
264,SPY,True,125090753.0,389.9946,389.37,392.34,395.8,385.15,2022-05-12 04:00:00,1485883
265,SPY,True,104060921.0,399.8724,396.71,401.72,403.18,395.61,2022-05-13 04:00:00,859058
266,SPY,True,78582794.0,400.6442,399.98,400.09,403.97,397.6,2022-05-16 04:00:00,734539
267,SPY,True,82720710.0,405.7484,406.53,408.32,408.57,402.5824,2022-05-17 04:00:00,743971
268,SPY,True,117669645.0,396.0277,403.5,391.86,403.8,390.55,2022-05-18 04:00:00,967497
269,SPY,True,98477715.0,390.3546,388.62,389.46,394.14,387.11,2022-05-19 04:00:00,937782
270,SPY,True,131137197.0,387.0485,393.25,389.63,397.03,380.54,2022-05-20 04:00:00,1100341
271,SPY,True,76371878.0,395.1774,392.83,396.92,397.73,390.38,2022-05-23 04:00:00,714909
272,SPY,True,91380131.0,391.5536,392.56,393.89,395.15,386.96,2022-05-24 04:00:00,804223
273,SPY,True,91397866.0,395.7817,392.31,397.37,399.45,391.89,2022-05-25 04:00:00,768574
274,SPY,True,82123839.0,404.2641,398.67,405.31,407.04,398.45,2022-05-26 04:00:00,606434
275,SPY,True,84769855.0,412.4828,407.91,415.26,415.3801,407.7,2022-05-27 04:00:00,603517
276,SPY,True,95936980.0,413.3975,413.55,412.93,416.46,410.03,2022-05-31 04:00:00,713844
277,SPY,True,86565813.0,410.7886,415.17,409.59,416.24,406.93,2022-06-01 04:00:00,697746
278,SPY,True,79409633.0,413.3725,409.42,417.39,417.44,407.04,2022-06-02 04:00:00,616249
279,SPY,True,71874281.0,411.8587,412.4,410.54,414.04,409.51,2022-06-03 04:00:00,577277
280,SPY,True,57503038.0,413.0568,414.78,411.79,416.609,410.5523,2022-06-06 04:00:00,473552
281,SPY,True,59259373.0,412.9883,408.1,415.74,416.22,407.61,2022-06-07 04:00:00,481780
282,SPY,True,64349966.0,412.7375,413.93,411.22,415.82,410.38,2022-06-08 04:00:00,505047
283,SPY,True,86249796.0,406.8426,409.34,401.44,411.74,401.44,2022-06-09 04:00:00,580040
284,SPY,True,131723864.0,392.8831,394.88,389.8,395.7777,389.75,2022-06-10 04:00:00,914118
285,SPY,True,169975861.0,378.6775,379.85,375.0,381.81,373.3,2022-06-13 04:00:00,1138048
286,SPY,True,104007431.0,374.3226,376.85,373.87,377.94,370.59,2022-06-14 04:00:00,826153
287,SPY,True,125666797.0,378.0522,377.36,379.2,383.9,372.12,2022-06-15 04:00:00,1079873
288,SPY,True,134219538.0,368.4679,370.51,366.65,370.94,364.0799,2022-06-16 04:00:00,911464
289,SPY,True,111113904.0,366.2577,365.51,365.86,369.38,362.17,2022-06-17 04:00:00,826497
290,SPY,True,76811861.0,374.3771,371.89,375.07,376.525,371.81,2022-06-21 04:00:00,581110
291,SPY,True,90059424.0,375.1498,370.62,374.39,378.72,370.18,2022-06-22 04:00:00,607593
292,SPY,True,79292135.0,376.2289,376.64,378.06,378.83,372.89,2022-06-23 04:00:00,632097
293,SPY,True,97948933.0,386.7175,381.4,390.08,390.09,381.365,2022-06-24 04:00:00,632670
294,SPY,True,65955617.0,389.0839,391.05,388.59,391.36,387.44,2022-06-27 04:00:00,555367
295,SPY,True,86680824.0,384.908,390.23,380.65,393.16,380.53,2022-06-28 04:00:00,643730
296,SPY,True,65583999.0,380.3919,381.23,380.34,382.27,378.42,2022-06-29 04:00:00,522698
297,SPY,True,112503273.0,377.0747,376.24,377.25,380.6582,372.56,2022-06-30 04:00:00,805230
298,SPY,True,74837629.0,378.234,376.56,381.24,381.7,373.8,2022-07-01 04:00:00,606017
299,SPY,True,81406965.0,377.5154,375.88,381.96,381.98,372.9,2022-07-05 04:00:00,649490
300,SPY,True,70121444.0,382.5043,382.11,383.25,385.87,379.6,2022-07-06 04:00:00,619249
301,SPY,True,64511919.0,387.6265,385.12,388.99,389.83,383.267,2022-07-07 04:00:00,470171
302,SPY,True,72385765.0,388.654,387.27,388.67,390.64,385.66,2022-07-08 04:00:00,513500
303,SPY,True,58366945.0,384.8712,385.85,384.23,386.87,383.5,2022-07-11 04:00:00,475888
304,SPY,True,62219178.0,382.6181,383.65,380.83,386.16,378.99,2022-07-12 04:00:00,514047
305,SPY,True,84198649.0,378.8276,375.1,378.83,381.92,374.658,2022-07-13 04:00:00,677546
306,SPY,True,89704819.0,375.5832,373.61,377.91,379.0498,371.04,2022-07-14 04:00:00,642061
307,SPY,True,79026583.0,383.3245,382.55,385.13,385.25,380.54,2022-07-15 04:00:00,490641
308,SPY,True,63203626.0,385.091,388.38,381.95,389.09,380.66,2022-07-18 04:00:00,492280
309,SPY,True,78505972.0,389.3658,386.08,392.27,392.87,385.39,2022-07-19 04:00:00,536188
310,SPY,True,71843769.0,394.171,392.47,394.77,396.26,391.03,2022-07-20 04:00:00,529990
311,SPY,True,64903856.0,396.1218,394.16,398.79,398.84,391.63,2022-07-21 04:00:00,524202
312,SPY,True,72197322.0,395.9432,398.92,395.09,400.18,392.75,2022-07-22 04:00:00,529345
313,SPY,True,53599485.0,395.0443,395.75,395.57,396.47,393.21,2022-07-25 04:00:00,440037
314,SPY,True,52946393.0,391.8555,393.84,390.89,394.06,389.95,2022-07-26 04:00:00,438456
315,SPY,True,82042106.0,398.2952,394.36,401.04,402.88,394.05,2022-07-27 04:00:00,597549
316,SPY,True,73962563.0,403.6443,401.89,406.07,406.8,398.15,2022-07-28 04:00:00,570078
317,SPY,True,87003672.0,410.6717,407.58,411.99,413.03,406.77,2022-07-29 04:00:00,546745
318,SPY,True,69972971.0,411.0756,409.15,410.77,413.41,408.4,2022-08-01 04:00:00,518949
319,SPY,True,63435418.0,409.6317,409.12,408.06,413.0,406.82,2022-08-02 04:00:00,505800
320,SPY,True,67810555.0,413.2696,410.3,414.45,415.68,410.0,2022-08-03 04:00:00,465611
321,SPY,True,45656574.0,414.0805,414.37,414.17,415.09,412.44,2022-08-04 04:00:00,365311
322,SPY,True,56814929.0,412.2923,409.66,413.47,414.15,409.6,2022-08-05 04:00:00,455952
323,SPY,True,54025965.0,414.4226,415.25,412.99,417.62,411.83,2022-08-08 04:00:00,422674
324,SPY,True,44931772.0,411.3326,412.22,411.35,412.75,410.22,2022-08-09 04:00:00,367151
325,SPY,True,68580712.0,418.1864,418.78,419.99,420.14,416.72,2022-08-10 04:00:00,476082
326,SPY,True,59489704.0,421.5761,422.99,419.99,424.95,419.21,2022-08-11 04:00:00,444585
327,SPY,True,61626042.0,424.556,422.03,427.1,427.21,421.03,2022-08-12 04:00:00,398232
328,SPY,True,53892880.0,427.6364,424.765,428.86,429.41,424.71,2022-08-15 04:00:00,375069
329,SPY,True,59289039.0,429.3083,427.73,429.7,431.73,426.88,2022-08-16 04:00:00,411675
330,SPY,True,62805394.0,426.9901,425.91,426.65,429.5,424.54,2022-08-17 04:00:00,453971
331,SPY,True,49023206.0,427.1517,426.86,427.89,428.61,425.5,2022-08-18 04:00:00,332724
332,SPY,True,67670402.0,423.0959,424.98,422.14,425.26,421.22,2022-08-19 04:00:00,439875
333,SPY,True,77438140.0,415.0482,417.05,413.35,417.23,412.4,2022-08-22 04:00:00,484998
334,SPY,True,49105249.0,413.0961,412.9,412.35,415.42,411.77,2022-08-23 04:00:00,390369
335,SPY,True,49159304.0,413.3834,412.11,413.67,415.1101,411.39,2022-08-24 04:00:00,335697
336,SPY,True,50642252.0,416.921,415.24,419.51,419.56,414.09,2022-08-25 04:00:00,339148
337,SPY,True,102816976.0,410.7917,419.39,405.31,419.96,405.25,2022-08-26 04:00:00,672397
338,SPY,True,65368110.0,403.5533,402.2,402.63,405.84,401.1999,2022-08-29 04:00:00,490118
339,SPY,True,85554443.0,399.0826,403.85,398.21,404.1,396.0,2022-08-30 04:00:00,610724
340,SPY,True,75752871.0,397.2118,399.93,395.18,401.24,395.04,2022-08-31 04:00:00,504189
341,SPY,True,78635284.0,393.0494,392.89,396.42,396.78,390.04,2022-09-01 04:00:00,597629
342,SPY,True,99632149.0,395.3788,400.28,392.24,401.555,390.33,2022-09-02 04:00:00,642566
343,SPY,True,76395050.0,391.2617,393.13,390.76,394.12,388.42,2022-09-06 04:00:00,559124
344,SPY,True,70764232.0,395.2707,390.43,397.78,398.59,390.2,2022-09-07 04:00:00,489055
345,SPY,True,80821681.0,398.3136,395.39,400.38,400.86,394.12,2022-09-08 04:00:00,553637
346,SPY,True,76506918.0,405.4837,402.74,406.6,407.51,402.46,2022-09-09 04:00:00,484758
347,SPY,True,69227012.0,410.1579,408.78,410.97,411.73,408.46,2022-09-12 04:00:00,491335
348,SPY,True,122922881.0,398.8397,401.83,393.1,403.1,391.92,2022-09-13 04:00:00,794560
349,SPY,True,85023747.0,393.8378,394.47,394.6,396.2,391.12,2022-09-14 04:00:00,542477
350,SPY,True,86700840.0,392.0139,392.96,390.12,395.96,388.78,2022-09-15 04:00:00,609219
351,SPY,True,103024319.0,384.6004,384.14,385.56,386.25,382.11,2022-09-16 04:00:00,673814
352,SPY,True,73278490.0,386.239,382.26,388.55,388.55,382.1784,2022-09-19 04:00:00,495869
353,SPY,True,77197482.0,384.1447,385.06,384.09,386.12,381.195,2022-09-20 04:00:00,559046
354,SPY,True,106746554.0,383.1166,386.11,377.39,389.31,377.38,2022-09-21 04:00:00,815174
355,SPY,True,89472641.0,375.3314,376.58,374.22,378.3,373.44,2022-09-22 04:00:00,634128
356,SPY,True,121656933.0,367.5728,370.58,367.95,370.62,363.29,2022-09-23 04:00:00,845102
357,SPY,True,92561244.0,365.9243,366.41,364.31,370.21,363.0299,2022-09-26 04:00:00,638376
358,SPY,True,108095972.0,364.5685,368.02,363.38,370.4,360.87,2022-09-27 04:00:00,778813
359,SPY,True,110524217.0,367.9224,364.38,370.53,372.3,362.6,2022-09-28 04:00:00,711995
360,SPY,True,112936695.0,362.804,366.81,362.79,367.11,359.7,2022-09-29 04:00:00,794132
361,SPY,True,152793243.0,360.6607,361.8,357.18,365.91,357.04,2022-09-30 04:00:00,854532
362,SPY,True,89746479.0,364.712,361.08,366.61,368.55,359.21,2022-10-03 04:00:00,622492
363,SPY,True,103602775.0,375.7279,372.4,377.97,378.0,366.5677,2022-10-04 04:00:00,688740
364,SPY,True,88065669.0,375.4577,373.39,377.09,379.46,370.95,2022-10-05 04:00:00,583907
365,SPY,True,82333516.0,374.9031,375.62,373.2,378.72,372.68,2022-10-06 04:00:00,585047
366,SPY,True,107759998.0,365.0618,368.97,362.79,373.2933,360.94,2022-10-07 04:00:00,669267
367,SPY,True,76042765.0,360.7481,363.96,360.02,364.21,357.67,2022-10-10 04:00:00,597678
368,SPY,True,92482785.0,358.7227,358.235,357.74,363.03,355.71,2022-10-11 04:00:00,694969
369,SPY,True,76991799.0,358.0018,358.17,356.56,359.8179,356.3,2022-10-12 04:00:00,552830
370,SPY,True,147224518.0,359.7938,349.205,365.97,367.51,348.11,2022-10-13 04:00:00,1116014
371,SPY,True,123575113.0,361.3654,368.55,357.63,370.26,356.96,2022-10-14 04:00:00,824684
372,SPY,True,93168231.0,365.9575,364.01,366.82,367.9799,357.2808,2022-10-17 04:00:00,613077
373,SPY,True,97139850.0,371.1249,375.13,371.13,375.45,367.52,2022-10-18 04:00:00,678096
374,SPY,True,79717863.0,368.6657,368.99,368.5,371.85,365.55,2022-10-19 04:00:00,534020
375,SPY,True,88283087.0,367.7129,368.03,365.41,372.67,364.61,2022-10-20 04:00:00,637987
376,SPY,True,130882479.0,369.8637,365.12,374.29,374.8,363.54,2022-10-21 04:00:00,722879
377,SPY,True,85416407.0,377.3659,375.89,378.87,380.06,373.11,2022-10-24 04:00:00,627082
378,SPY,True,78833848.0,382.9919,378.79,384.92,385.25,378.671,2022-10-25 04:00:00,599906
379,SPY,True,103906848.0,383.8749,381.62,382.02,387.58,381.35,2022-10-26 04:00:00,659893
380,SPY,True,81971756.0,381.3414,383.07,379.98,385.0,379.33,2022-10-27 04:00:00,602262
381,SPY,True,100301958.0,385.6367,379.87,389.02,389.52,379.68,2022-10-28 04:00:00,600450
382,SPY,True,96443258.0,386.8624,386.44,386.21,388.4,385.26,2022-10-31 04:00:00,593416
383,SPY,True,85203598.0,385.578,390.14,384.52,390.39,383.29,2022-11-01 04:00:00,542402
384,SPY,True,126990356.0,381.5983,383.9,374.87,388.63,374.76,2022-11-02 04:00:00,896384
385,SPY,True,87088515.0,372.1537,371.465,371.01,374.2,368.79,2022-11-03 04:00:00,642144
386,SPY,True,103479982.0,374.2332,377.0,376.35,378.87,370.0,2022-11-04 04:00:00,705860
387,SPY,True,68286947.0,378.3068,377.71,379.95,380.57,375.53,2022-11-07 05:00:00,479700
388,SPY,True,84441062.0,381.9423,381.11,382.0,385.12,377.72,2022-11-08 05:00:00,602484
389,SPY,True,78454648.0,377.1702,379.93,374.13,381.14,373.61,2022-11-09 05:00:00,594797
390,SPY,True,141455847.0,389.39,388.05,394.69,395.04,385.642,2022-11-10 05:00:00,963919
391,SPY,True,93839872.0,396.974,395.59,398.51,399.35,393.61,2022-11-11 05:00:00,653288
392,SPY,True,71522915.0,397.6185,396.66,395.12,400.1799,394.83,2022-11-14 05:00:00,528088
393,SPY,True,93153920.0,398.7872,401.15,398.49,402.31,394.49,2022-11-15 05:00:00,751098
394,SPY,True,68508454.0,396.0919,396.78,395.45,397.78,394.79,2022-11-16 05:00:00,485119
395,SPY,True,74426055.0,392.8118,390.46,394.24,394.95,390.14,2022-11-17 05:00:00,499521
396,SPY,True,92442751.0,395.404,397.74,396.03,397.81,393.04,2022-11-18 05:00:00,525088
397,SPY,True,51152189.0,394.533,394.64,394.59,395.82,392.66,2022-11-21 05:00:00,401648
398,SPY,True,60420325.0,398.2376,396.63,399.9,400.07,395.1527,2022-11-22 05:00:00,416889
399,SPY,True,67212628.0,401.5769,399.55,402.42,402.93,399.31,2022-11-23 05:00:00,476623
400,SPY,True,30545434.0,402.273,401.83,402.33,402.91,401.535,2022-11-25 05:00:00,184647
401,SPY,True,68021749.0,397.8797,399.09,395.91,400.81,395.11,2022-11-28 05:00:00,441562
402,SPY,True,52310039.0,395.1758,396.05,395.23,397.3,393.3,2022-11-29 05:00:00,421324
403,SPY,True,144105353.0,401.7814,395.49,407.68,407.68,393.48,2022-11-30 05:00:00,814129
404,SPY,True,75908170.0,407.3717,408.77,407.38,410.0,404.75,2022-12-01 05:00:00,600441
405,SPY,True,83492731.0,405.1101,402.25,406.91,407.86,402.14,2022-12-02 05:00:00,574460
406,SPY,True,77039815.0,401.4661,403.95,399.59,404.93,398.17,2022-12-05 05:00:00,553484
407,SPY,True,77048217.0,394.8485,399.42,393.83,399.99,391.64,2022-12-06 05:00:00,613991
408,SPY,True,65855396.0,393.4367,392.94,393.16,395.64,391.97,2022-12-07 05:00:00,486278
409,SPY,True,60737912.0,395.7063,395.14,396.24,397.36,393.2684,2022-12-08 05:00:00,463709
410,SPY,True,80793733.0,395.1955,394.94,393.28,397.62,393.15,2022-12-09 05:00:00,485405
411,SPY,True,73915035.0,396.2128,394.11,398.95,398.95,393.412,2022-12-12 05:00:00,442289
412,SPY,True,123649534.0,403.5676,410.22,401.97,410.49,399.07,2022-12-13 05:00:00,894904
413,SPY,True,107711349.0,401.1302,401.61,399.4,405.5,396.31,2022-12-14 05:00:00,851105
414,SPY,True,117015889.0,390.8991,394.3,389.63,395.25,387.885,2022-12-15 05:00:00,851155
415,SPY,True,119852952.0,383.747,385.18,383.27,386.575,381.04,2022-12-16 05:00:00,746659
416,SPY,True,79831403.0,380.603,383.47,380.02,383.82,378.28,2022-12-19 05:00:00,521297
417,SPY,True,73927240.0,380.6305,379.23,380.54,382.23,377.85,2022-12-20 05:00:00,513482
418,SPY,True,77836645.0,385.469,383.25,386.23,387.41,382.69,2022-12-21 05:00:00,478297
419,SPY,True,100105855.0,379.6225,383.05,380.72,386.2134,374.77,2022-12-22 05:00:00,679688
420,SPY,True,59827329.0,381.5261,379.65,382.91,383.06,378.03,2022-12-23 05:00:00,441416
421,SPY,True,51540780.0,381.7774,382.79,381.4,383.15,379.65,2022-12-27 05:00:00,428996
422,SPY,True,70911520.0,379.059,381.33,376.66,383.39,376.42,2022-12-28 05:00:00,503138
423,SPY,True,66470557.0,382.4267,379.63,383.44,384.35,379.08,2022-12-29 05:00:00,481639
424,SPY,True,84022205.0,381.2185,380.64,382.43,382.58,378.43,2022-12-30 05:00:00,548975
425,SPY,True,74850731.0,380.9576,384.37,380.82,386.43,377.831,2023-01-03 05:00:00,590240
426,SPY,True,85934098.0,383.1494,383.18,383.76,385.88,380.0,2023-01-04 05:00:00,632808
427,SPY,True,76275354.0,380.2625,381.72,379.38,381.84,378.76,2023-01-05 05:00:00,530896
428,SPY,True,104052662.0,385.2463,382.61,388.08,389.25,379.4127,2023-01-06 05:00:00,687390
429,SPY,True,73978071.0,390.3628,390.37,387.86,393.7,387.67,2023-01-09 05:00:00,549428
430,SPY,True,65298094.0,389.0824,387.25,390.58,390.65,386.27,2023-01-10 05:00:00,471958
431,SPY,True,68702980.0,393.3003,392.23,395.52,395.6,391.38,2023-01-11 05:00:00,452701
432,SPY,True,90145699.0,396.312,396.67,396.96,398.485,392.42,2023-01-12 05:00:00,665042
433,SPY,True,63853932.0,396.8377,393.62,398.5,399.1,393.34,2023-01-13 05:00:00,468376
434,SPY,True,62577281.0,398.1971,398.48,397.77,400.23,397.06,2023-01-17 05:00:00,437653
435,SPY,True,99495062.0,394.555,399.01,391.49,400.12,391.28,2023-01-18 05:00:00,642978
436,SPY,True,86601919.0,389.2674,389.36,388.64,391.08,387.26,2023-01-19 05:00:00,548674
437,SPY,True,91542126.0,392.5901,390.1,395.88,396.04,388.38,2023-01-20 05:00:00,505912
438,SPY,True,84178797.0,399.7705,396.72,400.63,402.645,395.72,2023-01-23 05:00:00,568459
439,SPY,True,59469411.0,399.9358,398.88,400.2,401.15,397.64,2023-01-24 05:00:00,434102
440,SPY,True,84684501.0,397.8551,395.95,400.35,400.7,393.56,2023-01-25 05:00:00,583220
441,SPY,True,72177425.0,402.6127,403.13,404.75,404.92,400.03,2023-01-26 05:00:00,521281
442,SPY,True,68249180.0,405.7891,403.655,405.68,408.16,403.44,2023-01-27 05:00:00,496478
443,SPY,True,74067618.0,402.2276,402.8,400.59,405.13,400.28,2023-01-30 05:00:00,514522
444,SPY,True,86655786.0,404.1605,401.13,406.48,406.53,400.77,2023-01-31 05:00:00,512619
445,SPY,True,101459155.0,407.863,405.211,410.8,413.67,402.35,2023-02-01 05:00:00,833210
446,SPY,True,101192713.0,415.5223,414.86,416.78,418.31,412.88,2023-02-02 05:00:00,724694
447,SPY,True,94577181.0,413.7699,411.59,412.35,416.97,411.09,2023-02-03 05:00:00,665739
448,SPY,True,60250025.0,409.9916,409.79,409.83,411.29,408.1,2023-02-06 05:00:00,461542
449,SPY,True,90721745.0,411.9917,408.87,415.19,416.49,407.57,2023-02-07 05:00:00,695517
450,SPY,True,76227462.0,411.9252,413.13,410.65,414.53,409.93,2023-02-08 05:00:00,529228
451,SPY,True,78564109.0,409.7962,414.41,407.09,414.57,405.81,2023-02-09 05:00:00,566607
452,SPY,True,70767615.0,407.0089,405.86,408.04,408.44,405.01,2023-02-10 05:00:00,489777
453,SPY,True,64903039.0,411.3867,408.72,412.83,412.97,408.24,2023-02-13 05:00:00,426598
454,SPY,True,87681813.0,412.1239,411.24,412.64,415.05,408.511,2023-02-14 05:00:00,627801
455,SPY,True,61368279.0,412.2614,410.35,413.98,414.06,409.47,2023-02-15 05:00:00,427499
456,SPY,True,76418169.0,410.3213,408.79,408.28,412.91,408.14,2023-02-16 05:00:00,583412
457,SPY,True,89196815.0,406.1332,406.06,407.26,407.51,404.05,2023-02-17 05:00:00,562615
458,SPY,True,82585674.0,401.1432,403.06,399.09,404.16,398.82,2023-02-21 05:00:00,559126
459,SPY,True,83500793.0,398.9103,399.52,398.54,401.13,397.02,2023-02-22 05:00:00,568095
460,SPY,True,96195399.0,399.6202,401.56,400.66,402.2,396.25,2023-02-23 05:00:00,740995
461,SPY,True,108122913.0,395.8063,395.42,396.38,397.25,393.64,2023-02-24 05:00:00,755245
462,SPY,True,80251136.0,398.6304,399.87,397.73,401.29,396.75,2023-02-27 05:00:00,592300
463,SPY,True,96350567.0,397.4209,397.23,396.26,399.28,396.15,2023-02-28 05:00:00,600687
464,SPY,True,99552823.0,395.137,395.41,394.74,396.69,393.38,2023-03-01 05:00:00,699145
465,SPY,True,85372726.0,395.4271,392.68,397.81,398.69,392.33,2023-03-02 05:00:00,612511
466,SPY,True,90119952.0,402.0592,399.71,404.19,404.45,399.03,2023-03-03 05:00:00,645491
467,SPY,True,72758446.0,405.4288,405.05,404.47,407.45,404.01,2023-03-06 05:00:00,539396
468,SPY,True,108161096.0,400.3811,404.42,398.27,404.67,397.625,2023-03-07 05:00:00,776309
469,SPY,True,74446632.0,398.2586,398.39,398.92,399.71,396.59,2023-03-08 05:00:00,578076
470,SPY,True,111830522.0,395.4294,399.74,391.56,401.48,390.53,2023-03-09 05:00:00,849090
471,SPY,True,189189896.0,388.3086,390.99,385.91,393.16,384.32,2023-03-10 05:00:00,1386971
472,SPY,True,157039967.0,386.0888,381.81,385.36,390.39,380.65,2023-03-13 04:00:00,1390989
473,SPY,True,149752354.0,390.2175,390.5,391.73,393.45,387.05,2023-03-14 04:00:00,1032581
474,SPY,True,172784933.0,387.1618,385.89,389.28,389.49,383.71,2023-03-15 04:00:00,1334267
475,SPY,True,143667640.0,392.991,386.82,396.11,396.47,386.29,2023-03-16 04:00:00,999798
476,SPY,True,140350911.0,391.2188,393.22,389.99,394.4,388.55,2023-03-17 04:00:00,923761
477,SPY,True,93055783.0,392.3553,390.8,393.74,394.17,390.07,2023-03-20 04:00:00,725425
478,SPY,True,91439734.0,397.0975,397.24,398.91,399.41,395.58,2023-03-21 04:00:00,629615
479,SPY,True,111699083.0,397.6029,398.73,392.11,402.49,392.07,2023-03-22 04:00:00,874188
480,SPY,True,119243819.0,394.5752,395.09,393.17,399.29,390.35,2023-03-23 04:00:00,871933
481,SPY,True,107397124.0,393.1119,391.841,395.75,395.84,389.4,2023-03-24 04:00:00,808446
482,SPY,True,74010408.0,396.9373,398.12,396.49,398.92,395.56,2023-03-27 04:00:00,569544
483,SPY,True,62871680.0,395.2598,395.77,395.6,396.49,393.69,2023-03-28 04:00:00,494862
484,SPY,True,77497876.0,399.8739,399.925,401.35,401.6,398.68,2023-03-29 04:00:00,553838
485,SPY,True,69726849.0,403.226,404.09,403.7,404.35,401.76,2023-03-30 04:00:00,516342
486,SPY,True,112024624.0,407.2633,404.66,409.39,409.7,404.55,2023-03-31 04:00:00,696693
487,SPY,True,67331097.0,410.0407,408.85,410.95,411.37,408.44,2023-04-03 04:00:00,569790
488,SPY,True,66526534.0,409.1942,411.62,408.67,411.92,407.24,2023-04-04 04:00:00,537049
489,SPY,True,64855243.0,407.3288,407.91,407.6,408.7,405.88,2023-04-05 04:00:00,524247
490,SPY,True,63743345.0,408.1019,406.77,409.19,409.48,405.678,2023-04-06 04:00:00,482110
491,SPY,True,63681042.0,408.081,406.61,409.61,409.69,405.97,2023-04-10 04:00:00,468057
492,SPY,True,59297945.0,410.0187,410.26,409.72,411.18,408.92,2023-04-11 04:00:00,402951
493,SPY,True,86413179.0,409.7065,411.87,408.05,412.17,407.44,2023-04-12 04:00:00,639355
494,SPY,True,85785954.0,411.7177,409.18,413.47,413.84,407.9922,2023-04-13 04:00:00,566794
495,SPY,True,78155845.0,412.2601,412.81,412.46,415.09,410.06,2023-04-14 04:00:00,592878
496,SPY,True,66321399.0,412.588,412.37,413.94,413.96,411.085,2023-04-17 04:00:00,477976
497,SPY,True,63550097.0,414.0737,415.58,414.21,415.72,412.7802,2023-04-18 04:00:00,493080
498,SPY,True,55227330.0,413.6631,412.22,414.14,415.08,412.16,2023-04-19 04:00:00,420720
499,SPY,True,75840359.0,412.017,411.21,411.88,413.7,410.27,2023-04-20 04:00:00,546274
500,SPY,True,73107422.0,411.763,412.19,412.2,412.68,410.17,2023-04-21 04:00:00,480944
501,SPY,True,64324595.0,412.081,411.99,412.63,413.07,410.6,2023-04-24 04:00:00,463294
502,SPY,True,96743071.0,408.2879,410.58,406.08,411.16,406.02,2023-04-25 04:00:00,611557
503,SPY,True,80447049.0,405.5996,406.72,404.36,407.84,403.78,2023-04-26 04:00:00,571685
504,SPY,True,92943619.0,410.1021,407.0,412.41,412.69,406.74,2023-04-27 04:00:00,614868
